Step,height (mm),Frequency (GHz),Q raw,Q spline,Loss (dB),,mm_p_step,Holder Material,Sample,OD base (mm),OD top (mm),Length (mm),Length wo base (mm),ID (mm),WG_length (mm),WG_d (mm),WG_wall_thickness (mm),Mode,Aeff
,,1.185343125
,,1.185343125
,,1.185345
,,1.185343125
,,1.185341875
,,1.185343125
,,1.185341875
,,1.18534
,,1.185341875
,,1.185343125
,,1.185345
,,1.185343125
,,1.185345
,,1.185343125
,,1.185341875
,,1.185343125
,,1.185341875
,,1.185343125
,,1.185341875
,,1.185343125
,,1.185341875
,,1.185343125
,,1.185341875
,,1.185343125
,,1.185345
,,1.185343125
,,1.185341875
,,1.185343125
,,1.185341875
,,1.185343125
,,1.185341875
,,1.185343125
,,1.185341875
,,1.18534
,,1.185341875
,,1.185343125
,,1.185345
,,1.185343125
,,1.185341875
,,1.185343125
,,1.185341875
,,1.185343125
,,1.185341875
,,1.18534
,,1.185341875
,,1.185343125
,,1.185341875
,,1.185343125
,,1.185341875
,,1.185343125
,,1.185341875
,,1.185343125
,,1.185341875
,,1.18534
,,1.185341875
,,1.18534
,,1.185341875
,,1.185343125
,,1.185341875
,,1.18534
,,1.185341875
,,1.18534
,,1.185341875
,,1.18534
,,1.185341875
,,1.18534
,,1.185341875
,,1.185343125
,,1.185341875
,,1.185343125
,,1.18533875
