Step,height (mm),Frequency (GHz),Q raw,Q spline,Loss (dB),,mm_p_step,Holder Material,Sample,OD base (mm),OD top (mm),Length (mm),Length wo base (mm),ID (mm),WG_length (mm),WG_d (mm),WG_a (mm),Mode,Aeff_E,Aeff_H
,,0.85355625
,,0.853531
,,0.8535435
,,0.853478375
,,0.853512375
,,0.8534745
,,0.85354275
,,0.853514875
,,0.853511875
,,0.853502625
,,0.853503
,,0.8535155
,,0.85354725
,,0.85354075
,,0.853487875
,,0.853447375
,,0.85344075
,,0.85344725
,,0.853362625
,,0.8534255
,,0.853372875
,,0.853326125
,,0.853335375
,,0.853281875
,,0.853228875
,,0.853182125
,,0.853228875
,,0.853150875
,,0.8531885
,,0.85313175
,,0.853085125
,,0.85304125
,,0.85310975
,,0.85306
,,0.853069375
,,0.8529815
,,0.85297575
,,0.852960375
,,0.85296
,,0.852906875
,,0.852916375
,,0.852937875
,,0.852888
,,0.85295675
,,0.85287575
,,0.852835375
,,0.852885
,,0.852881875
,,0.852853875
,,0.85283525
,,0.85281625
,,0.852706625
,,0.8527195
,,0.852723125
,,0.852757375
,,0.8526945
,,0.852703375
,,0.852703
,,0.852728
,,0.852612375
,,0.85266825
