Step,height (mm),Frequency (GHz),Q raw,Q spline,Loss (dB),,mm_p_step,Holder Material,Sample,OD base (mm),OD top (mm),Length (mm),Length wo base (mm),ID (mm),WG_length (mm),WG_d (mm),WG_wall_thickness (mm),Mode,Aeff
,,1.393315
,,1.393315
,,1.393315
,,1.393315
,,1.393315
,,1.393311875
,,1.393311875
,,1.393311875
,,1.393311875
,,1.393311875
,,1.39330875
,,1.39330875
,,1.393305625
,,1.393299375
,,1.393293125
,,1.393286875
,,1.393274375
,,1.393261875
,,1.393236875
,,1.393211875
,,1.39318375
,,1.3931525
,,1.393115
,,1.393080625
,,1.393043125
,,1.39299625
,,1.3929525
,,1.392905625
,,1.39285875
,,1.392811875
,,1.392765
,,1.392711875
,,1.392655625
,,1.39260875
,,1.3925525
,,1.3925025
,,1.392443125
,,1.392393125
,,1.392330625
,,1.39227125
,,1.392215
,,1.392161875
,,1.392099375
,,1.39204
,,1.3919775
,,1.391915
,,1.391855625
,,1.39179625
,,1.391736875
,,1.391680625
,,1.391618125
,,1.391555625
,,1.391493125
,,1.3914275
,,1.39137125
,,1.391315
,,1.39124625
,,1.39118375
,,1.39112125
,,1.391055625
,,1.39099625
,,1.3909275
,,1.390868125
,,1.39080875
,,1.39073375
,,1.390674375
,,1.390611875
,,1.390543125
,,1.390480625
,,1.390418125
,,1.390349375
