Step,height (mm),Frequency (GHz),Q raw,Q spline,Loss (dB),,mm_p_step,Holder Material,Sample,OD base (mm),OD top (mm),Length (mm),Length wo base (mm),ID (mm),WG_length (mm),WG_d (mm),WG_wall_thickness (mm),Mode,Aeff
,,1.393293125
,,1.39329
,,1.3932925
,,1.393295
,,1.39329125
,,1.39329375
,,1.39329
,,1.3932925
,,1.39328875
,,1.393285
,,1.39328125
,,1.3932775
,,1.3932675
,,1.393260625
,,1.393244375
,,1.393228125
,,1.3932025
,,1.39318
,,1.393148125
,,1.393113125
,,1.393075
,,1.393043125
,,1.39299875
,,1.392960625
,,1.392919375
,,1.39286875
,,1.39282125
,,1.392770625
,,1.392729375
,,1.39267875
,,1.392628125
,,1.3925775
,,1.39252375
,,1.39246375
,,1.392413125
,,1.392353125
,,1.39229625
,,1.392245625
,,1.39218875
,,1.392125625
,,1.392071875
,,1.392011875
,,1.391955
,,1.391898125
,,1.391831875
,,1.391775
,,1.391711875
,,1.39164875
,,1.391585625
,,1.391531875
,,1.39146875
,,1.391411875
,,1.39134875
,,1.39128875
,,1.39122875
,,1.391165625
,,1.391105625
,,1.3910425
,,1.3909825
,,1.39091625
,,1.390853125
,,1.39079625
,,1.39073
,,1.39066375
,,1.390606875
,,1.390540625
,,1.3904775
,,1.390420625
,,1.3903575
,,1.39029125
,,1.390228125
