Step,height (mm),Frequency (GHz),Q raw,Q spline,Loss (dB),,mm_p_step,Holder Material,Sample,OD base (mm),OD top (mm),Length (mm),Length wo base (mm),ID (mm),WG_length (mm),WG_d (mm),WG_wall_thickness (mm),Mode,Aeff
,,1.04148125
,,1.04148125
,,1.04148125
,,1.041484375
,,1.04148125
,,1.04148125
,,1.04148125
,,1.04148125
,,1.041478125
,,1.041478125
,,1.041478125
,,1.041475
,,1.04146875
,,1.0414625
,,1.041453125
,,1.041440625
,,1.041425
,,1.04140625
,,1.041384375
,,1.0413625
,,1.041334375
,,1.041309375
,,1.041278125
,,1.041246875
,,1.04121875
,,1.04118125
,,1.04115
,,1.041115625
,,1.041078125
,,1.041040625
,,1.041003125
,,1.0409625
,,1.040921875
,,1.040884375
,,1.040840625
,,1.040803125
,,1.0407625
,,1.040725
,,1.040684375
,,1.0406375
,,1.040596875
,,1.04055625
,,1.0405125
,,1.04046875
,,1.040421875
,,1.040378125
,,1.040334375
,,1.040284375
,,1.040234375
,,1.040190625
,,1.040146875
,,1.0401
,,1.040053125
,,1.04000625
,,1.0399625
,,1.03991875
,,1.039871875
,,1.039821875
,,1.039771875
,,1.039721875
,,1.039678125
,,1.039628125
,,1.039584375
,,1.039534375
,,1.0394875
,,1.0394375
,,1.0393875
,,1.039340625
,,1.039290625
,,1.0392375
,,1.0391875
