Step,height (mm),Frequency (GHz),Q raw,Q spline,Loss (dB),,mm_p_step,Holder Material,Sample,OD base (mm),OD top (mm),Length (mm),Length wo base (mm),ID (mm),WG_length (mm),WG_d (mm),WG_wall_thickness (mm),Mode,Aeff
,,2.799913125
,,2.79994125
,,2.7999525
,,2.799963125
,,2.7999025
,,2.79997875
,,2.799936875
,,2.79992875
,,2.79995875
,,2.799931875
,,2.79989625
,,2.79991
,,2.799893125
,,2.79996
,,2.79993375
,,2.7999225
,,2.799949375
,,2.79992875
,,2.799949375
,,2.799944375
,,2.7999525
,,2.79989125
,,2.799905625
,,2.799931875
,,2.799780625
,,2.79997875
,,2.799924375
,,2.79992875
,,2.799943125
,,2.799969375
,,2.799974375
,,2.799919375
,,2.79997125
,,2.799875625
,,2.7999275
,,2.7999225
,,2.799918125
,,2.799913125
,,2.79987125
,,2.79989125
,,2.799911875
,,2.799925625
,,2.7999275
,,2.79992875
,,2.79988375
,,2.799863125
,,2.799855625
,,2.7998725
,,2.799974375
,,2.799885
,,2.799861875
,,2.79986
,,2.799849375
,,2.7998975
,,2.799918125
,,2.799888125
,,2.799865
,,2.79989125
,,2.799861875
,,2.799838125
,,2.7998775
,,2.799856875
,,2.799824375
,,2.79987875
,,2.80003375
,,2.7998475
,,2.79982125
,,2.799831875
,,2.799830625
,,2.79985375
,,2.799874375
