Step,height (mm),Frequency (GHz),Q raw,Q spline,Loss (dB),,mm_p_step,Holder Material,Sample,OD base (mm),OD top (mm),Length (mm),Length wo base (mm),ID (mm),WG_length (mm),WG_d (mm),WG_a (mm),Mode,Aeff_E,Aeff_H
,,1.171276875
,,1.171270625
,,1.171279375
,,1.171301875
,,1.171296875
,,1.17124375
,,1.171280625
,,1.17127375
,,1.171304375
,,1.17126875
,,1.17127
,,1.17122625
,,1.171264375
,,1.171244375
,,1.171249375
,,1.1712125
,,1.171213125
,,1.171138125
,,1.171136875
,,1.171124375
,,1.17108875
,,1.171065
,,1.17100375
,,1.17099375
,,1.1709525
,,1.1709
,,1.170871875
,,1.17088875
,,1.170868125
,,1.170816875
,,1.170760625
,,1.170800625
,,1.170765625
,,1.170729375
,,1.170720625
,,1.170698125
,,1.170646875
,,1.1706625
,,1.17061625
,,1.170598125
,,1.170559375
,,1.170556875
,,1.1705475
,,1.1705125
,,1.17054125
,,1.170524375
,,1.170473125
,,1.17045125
,,1.1704625
,,1.17042875
,,1.170433125
,,1.170355
,,1.17040375
,,1.170378125
,,1.1703425
,,1.170330625
,,1.170295625
,,1.17030625
,,1.170281875
,,1.170239375
,,1.170236875
