Step,height (mm),Frequency (GHz),Q raw,Q spline,Loss (dB),,mm_p_step,Holder Material,Sample,OD base (mm),OD top (mm),Length (mm),Length wo base (mm),ID (mm),WG_length (mm),WG_d (mm),WG_wall_thickness (mm),Mode,Aeff
,,2.198405625
,,2.19838375
,,2.198388125
,,2.19838375
,,2.198394375
,,2.198380625
,,2.198385
,,2.19838375
,,2.198381875
,,2.19839
,,2.198385
,,2.1983775
,,2.1983975
,,2.19839625
,,2.19841
,,2.198386875
,,2.198388125
,,2.198380625
,,2.198385
,,2.198399375
,,2.198388125
,,2.19839
,,2.198388125
,,2.198393125
,,2.19837875
,,2.19838375
,,2.198381875
,,2.19838375
,,2.19837875
,,2.19838375
,,2.19839125
,,2.198380625
,,2.19837875
,,2.198386875
,,2.198388125
,,2.1983775
,,2.198385
,,2.198380625
,,2.19836625
,,2.198368125
,,2.1983725
,,2.198374375
,,2.198381875
,,2.19835875
,,2.19836625
,,2.198368125
,,2.198375625
,,2.198365
,,2.19836625
,,2.198368125
,,2.19835375
,,2.198365
,,2.19835375
,,2.198361875
,,2.19835375
,,2.198368125
,,2.19836
,,2.198355625
,,2.198356875
,,2.198365
,,2.19835375
,,2.19834625
,,2.1983475
,,2.198365
,,2.198350625
,,2.19835875
,,2.198344375
,,2.198343125
,,2.198350625
,,2.198349375
,,2.19835375
