Step,height (mm),Frequency (GHz),Q raw,Q spline,Loss (dB),,mm_p_step,Holder Material,Sample,OD base (mm),OD top (mm),Length (mm),Length wo base (mm),ID (mm),WG_length (mm),WG_d (mm),WG_a (mm),Mode,Aeff_E,Aeff_H
,,1.51549375
,,1.515493125
,,1.515555625
,,1.515556875
,,1.515550625
,,1.515521875
,,1.51547625
,,1.51552375
,,1.51548875
,,1.51568375
,,1.515520625
,,1.515479375
,,1.515433125
,,1.515495625
,,1.515475
,,1.515464375
,,1.5155725
,,1.515479375
,,1.515345625
,,1.515375
,,1.51526125
,,1.51529125
,,1.515215
,,1.51517
,,1.515204375
,,1.515171875
,,1.515185625
,,1.515130625
,,1.5150925
,,1.51514
,,1.514999375
,,1.51495625
,,1.514844375
,,1.51497125
,,1.514935625
,,1.51484
,,1.5148775
,,1.51491125
,,1.51495375
,,1.514903125
,,1.51485
,,1.514746875
,,1.514621875
,,1.51477625
,,1.51468
,,1.514914375
,,1.514585
,,1.514651875
,,1.5145625
,,1.514613125
,,1.514635
,,1.51454625
,,1.5144375
,,1.51450875
,,1.51451625
,,1.5145575
,,1.514475625
,,1.51439875
,,1.514365625
,,1.51455125
,,1.51439375
