Step,height (mm),Frequency (GHz),Q raw,Q spline,Loss (dB),,mm_p_step,Holder Material,Sample,OD base (mm),OD top (mm),Length (mm),Length wo base (mm),ID (mm),WG_length (mm),WG_d (mm),WG_a (mm),Mode,Aeff_E,Aeff_H
,,0.645265625
,,0.645219125
,,0.645297125
,,0.645322
,,0.645325125
,,0.645359375
,,0.645334
,,0.645359
,,0.64530275
,,0.645293625
,,0.645253375
,,0.645287375
,,0.6452245
,,0.645264625
,,0.645318125
,,0.64526175
,,0.64528075
,,0.645277875
,,0.645203
,,0.645218625
,,0.645215875
,,0.6451785
,,0.645149875
,,0.64515
,,0.645040625
,,0.645087875
,,0.6451505
,,0.64511875
,,0.645084625
,,0.645085
,,0.645050625
,,0.64506975
,,0.64502
,,0.645091875
,,0.645020125
,,0.64498875
,,0.644998375
,,0.64504175
,,0.64499825
,,0.644994875
,,0.64507625
,,0.645026
,,0.645047875
,,0.645023
,,0.644973
,,0.644973
,,0.64492925
,,0.64493525
,,0.64497875
,,0.64484775
,,0.64497925
,,0.644963375
,,0.644953625
,,0.6449415
,,0.644926375
,,0.644891625
,,0.6448795
,,0.64497375
,,0.64485525
,,0.644926875
,,0.6449145
,,0.64483275
,,0.644842375
