Step,height (mm),Frequency (GHz),Q raw,Q spline,Loss (dB),,mm_p_step,Holder Material,Sample,OD base (mm),OD top (mm),Length (mm),Length wo base (mm),ID (mm),WG_length (mm),WG_d (mm),WG_wall_thickness (mm),Mode,Aeff
,,1.393268125
,,1.39327125
,,1.393270625
,,1.393273125
,,1.393269375
,,1.39326875
,,1.39327125
,,1.393270625
,,1.39327
,,1.3932725
,,1.39326875
,,1.393268125
,,1.393270625
,,1.393266875
,,1.39326625
,,1.3932625
,,1.393255625
,,1.393245625
,,1.393235625
,,1.39321625
,,1.393196875
,,1.39317125
,,1.3931425
,,1.3931075
,,1.393075625
,,1.3930375
,,1.392999375
,,1.392958125
,,1.392910625
,,1.3928725
,,1.392834375
,,1.392780625
,,1.392739375
,,1.39268875
,,1.392631875
,,1.392578125
,,1.3925275
,,1.39247375
,,1.392423125
,,1.39236625
,,1.392309375
,,1.392249375
,,1.392189375
,,1.392135625
