Step,height (mm),Frequency (GHz),Q raw,Q spline,Loss (dB),,mm_p_step,Holder Material,Sample,OD base (mm),OD top (mm),Length (mm),Length wo base (mm),ID (mm),WG_length (mm),WG_d (mm),WG_a (mm),Mode,Aeff_E,Aeff_H
0.0,0.0,6.5678440625,3972.364351100761,3982.7744930831914
90.0,0.162,6.56784125,3967.8239308234793,3978.2494794624267
180.0,0.324,6.56778875,3935.1010868978865,3942.3980491465018
270.0,0.486,6.567715625,3898.1994681361366,3909.354538690476
360.0,0.648,6.56763875,3864.6706960954334,3872.5712179841535
450.0,0.8099999999999999,6.5675609375,3830.639995475792,3840.6789108187136
540.0,0.972,6.567479375,3801.7289276960028,3809.304694580388
