Step,height (mm),Frequency (GHz),Q raw,Q spline,Loss (dB),,mm_p_step,Holder Material,Sample,OD base (mm),OD top (mm),Length (mm),Length wo base (mm),ID (mm),WG_length (mm),WG_d (mm),WG_wall_thickness (mm),Mode,Aeff
,,1.393315
,,1.393315
,,1.39330875
,,1.393315
,,1.393305625
,,1.393305625
,,1.39329625
,,1.39327125
,,1.39323375
,,1.3931775
,,1.39310875
,,1.3930275
,,1.392943125
,,1.392843125
,,1.39274625
,,1.39264
,,1.39253375
,,1.39242125
,,1.392311875
,,1.392186875
,,1.392074375
,,1.391961875
,,1.39184
,,1.391711875
,,1.39159
,,1.391455625
,,1.391330625
,,1.3912025
,,1.391074375
,,1.390936875
,,1.390818125
,,1.390686875
,,1.390555625
,,1.390418125
,,1.3902775
,,1.390136875
