Step,height (mm),Frequency (GHz),Q raw,Q spline,Loss (dB),,mm_p_step,Holder Material,Sample,OD base (mm),OD top (mm),Length (mm),Length wo base (mm),ID (mm),WG_length (mm),WG_d (mm),WG_wall_thickness (mm),Mode,Aeff
,,1.912288125
,,1.912285
,,1.912288125
,,1.912288125
,,1.91229125
,,1.912294375
,,1.912294375
,,1.912300625
,,1.912288125
,,1.912288125
,,1.912285
,,1.912281875
,,1.91227875
,,1.9122725
,,1.91226625
,,1.91225375
,,1.9122225
,,1.9121975
,,1.912175625
,,1.912131875
,,1.912085
,,1.91204125
,,1.911994375
,,1.9119475
,,1.9118975
,,1.911838125
,,1.911769375
,,1.91171
,,1.91164125
,,1.911581875
,,1.9115225
,,1.911456875
,,1.911375625
,,1.911306875
,,1.911235
,,1.9111475
,,1.91107875
,,1.911000625
,,1.9109225
,,1.91084125
,,1.91076625
,,1.910675625
,,1.9105975
,,1.910519375
,,1.910431875
,,1.910344375
,,1.91026625
,,1.91017875
,,1.9100975
,,1.910006875
,,1.90992875
,,1.90986
,,1.909769375
,,1.909681875
,,1.9095975
,,1.909500625
,,1.909413125
,,1.90932875
,,1.909250625
,,1.9091725
,,1.909081875
,,1.908994375
,,1.90890375
,,1.908825625
,,1.908735
,,1.908644375
,,1.908556875
,,1.908463125
,,1.90839125
,,1.908281875
,,1.90820375
