Step,height (mm),Frequency (GHz),Q raw,Q spline,Loss (dB),,mm_p_step,Holder Material,Sample,OD base (mm),OD top (mm),Length (mm),Length wo base (mm),ID (mm),WG_length (mm),WG_d (mm),WG_wall_thickness (mm),Mode,Aeff
,,2.49574625
,,2.49577125
,,2.495774375
,,2.495761875
,,2.495774375
,,2.495774375
,,2.49575875
,,2.495765
,,2.49580875
,,2.495780625
,,2.49574625
,,2.49575875
,,2.495705625
,,2.495705625
,,2.495693125
,,2.495630625
,,2.495618125
,,2.495549375
,,2.49549
,,2.495443125
,,2.4953775
,,2.49532125
,,2.495243125
,,2.495174375
,,2.495074375
,,2.494943125
,,2.494936875
,,2.494830625
,,2.4947775
,,2.49464
,,2.494536875
,,2.49445875
,,2.494368125
,,2.49427125
,,2.49415875
,,2.494049375
,,2.49395875
,,2.49384625
,,2.49373375
,,2.493643125
,,2.493515
,,2.4933025
,,2.49329625
,,2.493236875
,,2.493118125
,,2.4928775
,,2.492855625
,,2.492736875
,,2.492618125
,,2.492565
,,2.492415
,,2.4922775
,,2.492161875
,,2.492030625
,,2.491915
,,2.49179
,,2.49169
,,2.4915775
,,2.491455625
,,2.491330625
,,2.49119
,,2.491061875
,,2.49094625
,,2.490836875
,,2.490693125
,,2.4905525
,,2.490455625
,,2.4903275
,,2.4902025
,,2.490068125
,,2.489924375
