Step,height (mm),Frequency (GHz),Q raw,Q spline,Loss (dB),,mm_p_step,Holder Material,Sample,OD base (mm),OD top (mm),Length (mm),Length wo base (mm),ID (mm),WG_length (mm),WG_d (mm),WG_wall_thickness (mm),Mode,Aeff
,,1.393249375
,,1.39324625
,,1.393245625
,,1.393245
,,1.3932475
,,1.39324375
,,1.39324625
,,1.39324875
,,1.393241875
,,1.393238125
,,1.3932375
,,1.39323375
,,1.393226875
,,1.39322
,,1.393206875
,,1.393184375
,,1.393168125
,,1.393139375
,,1.393110625
,,1.39307875
,,1.39304375
,,1.39300875
,,1.3929675
,,1.39292625
,,1.39287875
,,1.3928375
,,1.392786875
,,1.392739375
,,1.39268875
,,1.392638125
,,1.3925875
,,1.392536875
,,1.392489375
,,1.3924325
,,1.392375625
,,1.392321875
,,1.392265
,,1.392205
,,1.3921575
,,1.39209125
,,1.39203125
,,1.391980625
,,1.391926875
,,1.391866875
,,1.391806875
,,1.39174375
,,1.391686875
,,1.39163
,,1.39156375
,,1.39150375
,,1.39144375
,,1.3913775
,,1.391308125
,,1.391241875
,,1.391188125
,,1.391121875
,,1.391055625
,,1.39099875
,,1.390935625
,,1.39087875
,,1.3908125
,,1.390749375
,,1.390676875
,,1.390616875
,,1.390556875
,,1.390490625
,,1.3904275
,,1.39037375
,,1.390323125
,,1.390275625
,,1.39020625
