Step,height (mm),Frequency (GHz),Q raw,Q spline,Loss (dB),,mm_p_step,Holder Material,Sample,OD base (mm),OD top (mm),Length (mm),Length wo base (mm),ID (mm),WG_length (mm),WG_d (mm),WG_wall_thickness (mm),Mode,Aeff
,,1.640434375
,,1.640434375
,,1.640435625
,,1.64043125
,,1.64043625
,,1.64043125
,,1.640429375
,,1.640425
,,1.64043
,,1.64043125
,,1.640429375
,,1.640434375
,,1.64043
,,1.640434375
,,1.640429375
,,1.64043125
,,1.64043625
,,1.640434375
,,1.6404325
,,1.6404375
,,1.640426875
,,1.640434375
,,1.640429375
,,1.640434375
,,1.640426875
,,1.64043125
,,1.64042625
,,1.640425
,,1.64042375
,,1.64043125
,,1.64042625
,,1.640428125
,,1.6404175
,,1.640428125
,,1.640423125
,,1.640421875
,,1.64043
,,1.640425
,,1.64042625
,,1.640428125
,,1.640420625
,,1.640425
,,1.640416875
,,1.640425
,,1.640426875
,,1.640421875
,,1.64042
,,1.640421875
,,1.6404175
,,1.640415625
,,1.64042
,,1.640415625
,,1.640420625
,,1.640421875
,,1.64042
,,1.640415625
,,1.640426875
,,1.64041875
,,1.640416875
,,1.640409375
,,1.640414375
,,1.64041875
,,1.64041375
,,1.6404125
,,1.640414375
,,1.64041875
,,1.640416875
,,1.640421875
,,1.640414375
,,1.6404125
,,1.640416875
